sample-id,absolute-filepath,direction
C1-A,/Users/vklepacc/galapagos/raw_data/GI2019_C1-A_TGTGCGTAC_S1_L001_R1_001.fastq.gz,forward
C1-B,/Users/vklepacc/galapagos/raw_data/GI2019_C1-B_TGGCTCTAA_S2_L001_R1_001.fastq.gz,forward
C10-A,/Users/vklepacc/galapagos/raw_data/GI2019_C10-A_GTGTATGCA_S3_L001_R1_001.fastq.gz,forward
C10-B,/Users/vklepacc/galapagos/raw_data/GI2019_C10-B_ACATTGCGT_S4_L001_R1_001.fastq.gz,forward
C10-C,/Users/vklepacc/galapagos/raw_data/GI2019_C10-C_TCTTCGAGC_S5_L001_R1_001.fastq.gz,forward
C11-A,/Users/vklepacc/galapagos/raw_data/GI2019_C11-A_GCAACGTCT_S6_L001_R1_001.fastq.gz,forward
C11-B,/Users/vklepacc/galapagos/raw_data/GI2019_C11-B_GCAGCTCTA_S7_L001_R1_001.fastq.gz,forward
C11-C,/Users/vklepacc/galapagos/raw_data/GI2019_C11-C_GAGGTTACC_S8_L001_R1_001.fastq.gz,forward
C12-A,/Users/vklepacc/galapagos/raw_data/GI2019_C12-A_CATGAAGTC_S9_L001_R1_001.fastq.gz,forward
C12-B,/Users/vklepacc/galapagos/raw_data/GI2019_C12-B_AGTATGCAG_S10_L001_R1_001.fastq.gz,forward
C12-C,/Users/vklepacc/galapagos/raw_data/GI2019_C12-C_GATGCCTTA_S11_L001_R1_001.fastq.gz,forward
C2-A,/Users/vklepacc/galapagos/raw_data/GI2019_C2-A_CGACCTTAT_S12_L001_R1_001.fastq.gz,forward
C2-B,/Users/vklepacc/galapagos/raw_data/GI2019_C2-B_AGTGCCACT_S13_L001_R1_001.fastq.gz,forward
C2-C,/Users/vklepacc/galapagos/raw_data/GI2019_C2-C_CACTTCTGG_S14_L001_R1_001.fastq.gz,forward
C3-A,/Users/vklepacc/galapagos/raw_data/GI2019_C3-A_CGCTAGTAG_S15_L001_R1_001.fastq.gz,forward
C3-B,/Users/vklepacc/galapagos/raw_data/GI2019_C3-B_GGAACGCTA_S16_L001_R1_001.fastq.gz,forward
C3-C,/Users/vklepacc/galapagos/raw_data/GI2019_C3-C_ATGACTCAC_S17_L001_R1_001.fastq.gz,forward
C4-A,/Users/vklepacc/galapagos/raw_data/GI2019_C4-A_GTAGGACCA_S18_L001_R1_001.fastq.gz,forward
C4-B,/Users/vklepacc/galapagos/raw_data/GI2019_C4-B_GTACGCGTA_S19_L001_R1_001.fastq.gz,forward
C4-C,/Users/vklepacc/galapagos/raw_data/GI2019_C4-C_AGATGGCTC_S20_L001_R1_001.fastq.gz,forward
C5-A,/Users/vklepacc/galapagos/raw_data/GI2019_C5-A_ATACGGACG_S21_L001_R1_001.fastq.gz,forward
C5-B,/Users/vklepacc/galapagos/raw_data/GI2019_C5-B_GAACGTATC_S22_L001_R1_001.fastq.gz,forward
C5-C,/Users/vklepacc/galapagos/raw_data/GI2019_C5-C_AACCAGCTG_S23_L001_R1_001.fastq.gz,forward
C6-B,/Users/vklepacc/galapagos/raw_data/GI2019_C6-B_GGCGCTTAA_S24_L001_R1_001.fastq.gz,forward
C6-C,/Users/vklepacc/galapagos/raw_data/GI2019_C6-C_CTTCGCAGG_S25_L001_R1_001.fastq.gz,forward
C7-A,/Users/vklepacc/galapagos/raw_data/GI2019_C7-A_CGGCTACAA_S26_L001_R1_001.fastq.gz,forward
C7-B,/Users/vklepacc/galapagos/raw_data/GI2019_C7-B_CTCTACAGA_S27_L001_R1_001.fastq.gz,forward
C7-C,/Users/vklepacc/galapagos/raw_data/GI2019_C7-C_GCTTAATAG_S28_L001_R1_001.fastq.gz,forward
C8-A,/Users/vklepacc/galapagos/raw_data/GI2019_C8-A_ACCTCAGAG_S29_L001_R1_001.fastq.gz,forward
C8-B,/Users/vklepacc/galapagos/raw_data/GI2019_C8-B_CGAATCCTG_S30_L001_R1_001.fastq.gz,forward
C8-C,/Users/vklepacc/galapagos/raw_data/GI2019_C8-C_TAGCAGTGA_S31_L001_R1_001.fastq.gz,forward
C9-A,/Users/vklepacc/galapagos/raw_data/GI2019_C9-A_GTGACATGT_S32_L001_R1_001.fastq.gz,forward
C9-B,/Users/vklepacc/galapagos/raw_data/GI2019_C9-B_CGGCAGAAT_S33_L001_R1_001.fastq.gz,forward
C9-C,/Users/vklepacc/galapagos/raw_data/GI2019_C9-C_CAGCGTGTA_S34_L001_R1_001.fastq.gz,forward
J1-A,/Users/vklepacc/galapagos/raw_data/GI2019_J1-A_GCGAATACT_S35_L001_R1_001.fastq.gz,forward
J1-B,/Users/vklepacc/galapagos/raw_data/GI2019_J1-B_TCGCACAAG_S1_L001_R1_001.fastq.gz,forward
J1-C,/Users/vklepacc/galapagos/raw_data/GI2019_J1-C_ACCATCGTG_S2_L001_R1_001.fastq.gz,forward
J10-A,/Users/vklepacc/galapagos/raw_data/GI2019_J10-A_GGCGCTTAA_S3_L001_R1_001.fastq.gz,forward
J10-B,/Users/vklepacc/galapagos/raw_data/GI2019_J10-B_CTTCGCAGG_S4_L001_R1_001.fastq.gz,forward
J10-C,/Users/vklepacc/galapagos/raw_data/GI2019_J10-C_CGGCTACAA_S5_L001_R1_001.fastq.gz,forward
J11-A,/Users/vklepacc/galapagos/raw_data/GI2019_J11-A_CTCTACAGA_S6_L001_R1_001.fastq.gz,forward
J11-B,/Users/vklepacc/galapagos/raw_data/GI2019_J11-B_GCTTAATAG_S7_L001_R1_001.fastq.gz,forward
J11-C,/Users/vklepacc/galapagos/raw_data/GI2019_J11-C_ACCTCAGAG_S8_L001_R1_001.fastq.gz,forward
J12-A,/Users/vklepacc/galapagos/raw_data/GI2019_J12-A_CGAATCCTG_S9_L001_R1_001.fastq.gz,forward
J12-B,/Users/vklepacc/galapagos/raw_data/GI2019_J12-B_TAGCAGTGA_S10_L001_R1_001.fastq.gz,forward
J12-C,/Users/vklepacc/galapagos/raw_data/GI2019_J12-C_GTGACATGT_S11_L001_R1_001.fastq.gz,forward
J13-A,/Users/vklepacc/galapagos/raw_data/GI2019_J13-A_CGGCAGAAT_S12_L001_R1_001.fastq.gz,forward
J13-B,/Users/vklepacc/galapagos/raw_data/GI2019_J13-B_CAGCGTGTA_S13_L001_R1_001.fastq.gz,forward
J13-C,/Users/vklepacc/galapagos/raw_data/GI2019_J13-C_GTGTATGCA_S14_L001_R1_001.fastq.gz,forward
J14-A,/Users/vklepacc/galapagos/raw_data/GI2019_J14-A_ACATTGCGT_S15_L001_R1_001.fastq.gz,forward
J14-B,/Users/vklepacc/galapagos/raw_data/GI2019_J14-B_TCTTCGAGC_S16_L001_R1_001.fastq.gz,forward
J14-C,/Users/vklepacc/galapagos/raw_data/GI2019_J14-C_GCAACGTCT_S17_L001_R1_001.fastq.gz,forward
J15-A,/Users/vklepacc/galapagos/raw_data/GI2019_J15-A_GCAGCTCTA_S18_L001_R1_001.fastq.gz,forward
J15-B,/Users/vklepacc/galapagos/raw_data/GI2019_J15-B_GAGGTTACC_S19_L001_R1_001.fastq.gz,forward
J15-C,/Users/vklepacc/galapagos/raw_data/GI2019_J15-C_CATGAAGTC_S20_L001_R1_001.fastq.gz,forward
J16-A,/Users/vklepacc/galapagos/raw_data/GI2019_J16-A_AGTATGCAG_S21_L001_R1_001.fastq.gz,forward
J16-B,/Users/vklepacc/galapagos/raw_data/GI2019_J16-B_GATGCCTTA_S22_L001_R1_001.fastq.gz,forward
J16-C,/Users/vklepacc/galapagos/raw_data/GI2019_J16-C_GCGAATACT_S23_L001_R1_001.fastq.gz,forward
J17-A,/Users/vklepacc/galapagos/raw_data/GI2019_J17-A_ATCTGCGAA_S24_L001_R1_001.fastq.gz,forward
J17-B,/Users/vklepacc/galapagos/raw_data/GI2019_J17-B_AACAGGTGC_S25_L001_R1_001.fastq.gz,forward
J17-C,/Users/vklepacc/galapagos/raw_data/GI2019_J17-C_TACCATGAG_S26_L001_R1_001.fastq.gz,forward
J18-A,/Users/vklepacc/galapagos/raw_data/GI2019_J18-A_CCAACTAGT_S27_L001_R1_001.fastq.gz,forward
J18-B,/Users/vklepacc/galapagos/raw_data/GI2019_J18-B_ATAGTCCGC_S28_L001_R1_001.fastq.gz,forward
J18-C,/Users/vklepacc/galapagos/raw_data/GI2019_J18-C_TTAAGCGAT_S29_L001_R1_001.fastq.gz,forward
J19-A,/Users/vklepacc/galapagos/raw_data/GI2019_J19-A_ACGTCCTGA_S30_L001_R1_001.fastq.gz,forward
J19-B,/Users/vklepacc/galapagos/raw_data/GI2019_J19-B_CAGTAATGC_S31_L001_R1_001.fastq.gz,forward
J19-C,/Users/vklepacc/galapagos/raw_data/GI2019_J19-C_TTCCATAGC_S32_L001_R1_001.fastq.gz,forward
J2-A,/Users/vklepacc/galapagos/raw_data/GI2019_J2-A_AAGGCACGT_S33_L001_R1_001.fastq.gz,forward
J2-B,/Users/vklepacc/galapagos/raw_data/GI2019_J2-B_GCTAGTTCA_S34_L001_R1_001.fastq.gz,forward
J2-C,/Users/vklepacc/galapagos/raw_data/GI2019_J2-C_CGCTGAATA_S35_L001_R1_001.fastq.gz,forward
J20-A,/Users/vklepacc/galapagos/raw_data/GI2019_J20-A_TGCACAATC_S36_L001_R1_001.fastq.gz,forward
J20-B,/Users/vklepacc/galapagos/raw_data/GI2019_J20-B_CATGAGGCT_S37_L001_R1_001.fastq.gz,forward
J20-C,/Users/vklepacc/galapagos/raw_data/GI2019_J20-C_ACAGGAGTT_S38_L001_R1_001.fastq.gz,forward
J21-A,/Users/vklepacc/galapagos/raw_data/GI2019_J21-A_AGCCTTCTA_S39_L001_R1_001.fastq.gz,forward
J21-B,/Users/vklepacc/galapagos/raw_data/GI2019_J21-B_TGACTAGTC_S40_L001_R1_001.fastq.gz,forward
J21-C,/Users/vklepacc/galapagos/raw_data/GI2019_J21-C_CGAGTATCC_S41_L001_R1_001.fastq.gz,forward
J22-A,/Users/vklepacc/galapagos/raw_data/GI2019_J22-A_CAATGTCGG_S42_L001_R1_001.fastq.gz,forward
J22-B,/Users/vklepacc/galapagos/raw_data/GI2019_J22-B_GCGTCACGA_S43_L001_R1_001.fastq.gz,forward
J22-C,/Users/vklepacc/galapagos/raw_data/GI2019_J22-C_TTATAGGCC_S44_L001_R1_001.fastq.gz,forward
J23-A,/Users/vklepacc/galapagos/raw_data/GI2019_J23-A_GAGTGCTAC_S45_L001_R1_001.fastq.gz,forward
J23-B,/Users/vklepacc/galapagos/raw_data/GI2019_J23-B_ACGTCTTAG_S46_L001_R1_001.fastq.gz,forward
J23-C,/Users/vklepacc/galapagos/raw_data/GI2019_J23-C_TTGTGCACG_S47_L001_R1_001.fastq.gz,forward
J24-A,/Users/vklepacc/galapagos/raw_data/GI2019_J24-A_GGCGTTACA_S48_L001_R1_001.fastq.gz,forward
J24-B,/Users/vklepacc/galapagos/raw_data/GI2019_J24-B_GTCTCGCAT_S49_L001_R1_001.fastq.gz,forward
J24-C,/Users/vklepacc/galapagos/raw_data/GI2019_J24-C_TCTTGACGG_S50_L001_R1_001.fastq.gz,forward
J3-A,/Users/vklepacc/galapagos/raw_data/GI2019_J3-A_CACCGATTA_S51_L001_R1_001.fastq.gz,forward
J3-B,/Users/vklepacc/galapagos/raw_data/GI2019_J3-B_CATGGACGC_S52_L001_R1_001.fastq.gz,forward
J3-C,/Users/vklepacc/galapagos/raw_data/GI2019_J3-C_CATCTTACG_S53_L001_R1_001.fastq.gz,forward
J4-A,/Users/vklepacc/galapagos/raw_data/GI2019_J4-A_CTGTAACAG_S54_L001_R1_001.fastq.gz,forward
J4-B,/Users/vklepacc/galapagos/raw_data/GI2019_J4-B_GATGATCGT_S55_L001_R1_001.fastq.gz,forward
J4-C,/Users/vklepacc/galapagos/raw_data/GI2019_J4-C_AGCCGTTAC_S56_L001_R1_001.fastq.gz,forward
J5-A,/Users/vklepacc/galapagos/raw_data/GI2019_J5-A_TAAGCATGG_S57_L001_R1_001.fastq.gz,forward
J5-B,/Users/vklepacc/galapagos/raw_data/GI2019_J5-B_TGTGCGTAC_S58_L001_R1_001.fastq.gz,forward
J5-C,/Users/vklepacc/galapagos/raw_data/GI2019_J5-C_TGGCTCTAA_S59_L001_R1_001.fastq.gz,forward
J6-A,/Users/vklepacc/galapagos/raw_data/GI2019_J6-A_CGACCTTAT_S60_L001_R1_001.fastq.gz,forward
J6-B,/Users/vklepacc/galapagos/raw_data/GI2019_J6-B_AGTGCCACT_S61_L001_R1_001.fastq.gz,forward
J6-C,/Users/vklepacc/galapagos/raw_data/GI2019_J6-C_CACTTCTGG_S62_L001_R1_001.fastq.gz,forward
J7-A,/Users/vklepacc/galapagos/raw_data/GI2019_J7-A_CGCTAGTAG_S63_L001_R1_001.fastq.gz,forward
J7-B,/Users/vklepacc/galapagos/raw_data/GI2019_J7-B_GGAACGCTA_S64_L001_R1_001.fastq.gz,forward
J7-C,/Users/vklepacc/galapagos/raw_data/GI2019_J7-C_ATGACTCAC_S65_L001_R1_001.fastq.gz,forward
J8-A,/Users/vklepacc/galapagos/raw_data/GI2019_J8-A_GTAGGACCA_S66_L001_R1_001.fastq.gz,forward
J8-B,/Users/vklepacc/galapagos/raw_data/GI2019_J8-B_GTACGCGTA_S67_L001_R1_001.fastq.gz,forward
J8-C,/Users/vklepacc/galapagos/raw_data/GI2019_J8-C_AGATGGCTC_S68_L001_R1_001.fastq.gz,forward
J9-A,/Users/vklepacc/galapagos/raw_data/GI2019_J9-A_ATACGGACG_S69_L001_R1_001.fastq.gz,forward
J9-B,/Users/vklepacc/galapagos/raw_data/GI2019_J9-B_GAACGTATC_S70_L001_R1_001.fastq.gz,forward
J9-C,/Users/vklepacc/galapagos/raw_data/GI2019_J9-C_AACCAGCTG_S71_L001_R1_001.fastq.gz,forward
M1-A,/Users/vklepacc/galapagos/raw_data/GI2019_M1-A_CGTCGGTAA_S36_L001_R1_001.fastq.gz,forward
M1-B,/Users/vklepacc/galapagos/raw_data/GI2019_M1-B_GTGTCCAAT_S37_L001_R1_001.fastq.gz,forward
M1-C,/Users/vklepacc/galapagos/raw_data/GI2019_M1-C_TCCATGCGA_S38_L001_R1_001.fastq.gz,forward
M10-A,/Users/vklepacc/galapagos/raw_data/GI2019_M10-A_GCTAGTTCA_S39_L001_R1_001.fastq.gz,forward
M10-B,/Users/vklepacc/galapagos/raw_data/GI2019_M10-B_CGCTGAATA_S40_L001_R1_001.fastq.gz,forward
M10-C,/Users/vklepacc/galapagos/raw_data/GI2019_M10-C_CACCGATTA_S41_L001_R1_001.fastq.gz,forward
M11-A,/Users/vklepacc/galapagos/raw_data/GI2019_M11-A_CATGGACGC_S42_L001_R1_001.fastq.gz,forward
M11-B,/Users/vklepacc/galapagos/raw_data/GI2019_M11-B_CATCTTACG_S43_L001_R1_001.fastq.gz,forward
M11-C,/Users/vklepacc/galapagos/raw_data/GI2019_M11-C_CTGTAACAG_S44_L001_R1_001.fastq.gz,forward
M12-A,/Users/vklepacc/galapagos/raw_data/GI2019_M12-A_GATGATCGT_S45_L001_R1_001.fastq.gz,forward
M12-B,/Users/vklepacc/galapagos/raw_data/GI2019_M12-B_AGCCGTTAC_S46_L001_R1_001.fastq.gz,forward
M12-C,/Users/vklepacc/galapagos/raw_data/GI2019_M12-C_TAAGCATGG_S47_L001_R1_001.fastq.gz,forward
M2-A,/Users/vklepacc/galapagos/raw_data/GI2019_M2-A_AGGTTCGCT_S48_L001_R1_001.fastq.gz,forward
M2-B,/Users/vklepacc/galapagos/raw_data/GI2019_M2-B_GTCGAAGCT_S49_L001_R1_001.fastq.gz,forward
M2-C,/Users/vklepacc/galapagos/raw_data/GI2019_M2-C_ACGGCTGAC_S50_L001_R1_001.fastq.gz,forward
M3-A,/Users/vklepacc/galapagos/raw_data/GI2019_M3-A_CTATCTGGA_S51_L001_R1_001.fastq.gz,forward
M3-B,/Users/vklepacc/galapagos/raw_data/GI2019_M3-B_TGGACTCTC_S52_L001_R1_001.fastq.gz,forward
M3-C,/Users/vklepacc/galapagos/raw_data/GI2019_M3-C_ATTGTGAGC_S53_L001_R1_001.fastq.gz,forward
M4-A,/Users/vklepacc/galapagos/raw_data/GI2019_M4-A_TGTCGTCAA_S54_L001_R1_001.fastq.gz,forward
M4-B,/Users/vklepacc/galapagos/raw_data/GI2019_M4-B_CGTTCTAAG_S55_L001_R1_001.fastq.gz,forward
M4-C,/Users/vklepacc/galapagos/raw_data/GI2019_M4-C_TGTGAACCG_S56_L001_R1_001.fastq.gz,forward
M5-A,/Users/vklepacc/galapagos/raw_data/GI2019_M5-A_GGCCTATCG_S57_L001_R1_001.fastq.gz,forward
M5-B,/Users/vklepacc/galapagos/raw_data/GI2019_M5-B_GGATATAGC_S58_L001_R1_001.fastq.gz,forward
M5-C,/Users/vklepacc/galapagos/raw_data/GI2019_M5-C_GCTGAAGAC_S59_L001_R1_001.fastq.gz,forward
M6-A,/Users/vklepacc/galapagos/raw_data/GI2019_M6-A_CGGTGTCTA_S60_L001_R1_001.fastq.gz,forward
M6-B,/Users/vklepacc/galapagos/raw_data/GI2019_M6-B_GTCAGCTGA_S61_L001_R1_001.fastq.gz,forward
M6-C,/Users/vklepacc/galapagos/raw_data/GI2019_M6-C_GCCGACTTA_S62_L001_R1_001.fastq.gz,forward
M7-A,/Users/vklepacc/galapagos/raw_data/GI2019_M7-A_CTAAGGAGC_S63_L001_R1_001.fastq.gz,forward
M7-B,/Users/vklepacc/galapagos/raw_data/GI2019_M7-B_TCAGGCCAT_S64_L001_R1_001.fastq.gz,forward
M7-C,/Users/vklepacc/galapagos/raw_data/GI2019_M7-C_TACTTGCAA_S65_L001_R1_001.fastq.gz,forward
M8-A,/Users/vklepacc/galapagos/raw_data/GI2019_M8-A_CTTACTAGG_S66_L001_R1_001.fastq.gz,forward
M8-B,/Users/vklepacc/galapagos/raw_data/GI2019_M8-B_TGATCCTAG_S67_L001_R1_001.fastq.gz,forward
M8-C,/Users/vklepacc/galapagos/raw_data/GI2019_M8-C_ACGTTCATA_S68_L001_R1_001.fastq.gz,forward
M9-A,/Users/vklepacc/galapagos/raw_data/GI2019_M9-A_TCGCACAAG_S69_L001_R1_001.fastq.gz,forward
M9-B,/Users/vklepacc/galapagos/raw_data/GI2019_M9-B_ACCATCGTG_S70_L001_R1_001.fastq.gz,forward
M9-C,/Users/vklepacc/galapagos/raw_data/GI2019_M9-C_AAGGCACGT_S71_L001_R1_001.fastq.gz,forward
C1-A,/Users/vklepacc/galapagos/raw_data/GI2019_C1-A_TGTGCGTAC_S1_L001_R2_001.fastq.gz,reverse
C1-B,/Users/vklepacc/galapagos/raw_data/GI2019_C1-B_TGGCTCTAA_S2_L001_R2_001.fastq.gz,reverse
C10-A,/Users/vklepacc/galapagos/raw_data/GI2019_C10-A_GTGTATGCA_S3_L001_R2_001.fastq.gz,reverse
C10-B,/Users/vklepacc/galapagos/raw_data/GI2019_C10-B_ACATTGCGT_S4_L001_R2_001.fastq.gz,reverse
C10-C,/Users/vklepacc/galapagos/raw_data/GI2019_C10-C_TCTTCGAGC_S5_L001_R2_001.fastq.gz,reverse
C11-A,/Users/vklepacc/galapagos/raw_data/GI2019_C11-A_GCAACGTCT_S6_L001_R2_001.fastq.gz,reverse
C11-B,/Users/vklepacc/galapagos/raw_data/GI2019_C11-B_GCAGCTCTA_S7_L001_R2_001.fastq.gz,reverse
C11-C,/Users/vklepacc/galapagos/raw_data/GI2019_C11-C_GAGGTTACC_S8_L001_R2_001.fastq.gz,reverse
C12-A,/Users/vklepacc/galapagos/raw_data/GI2019_C12-A_CATGAAGTC_S9_L001_R2_001.fastq.gz,reverse
C12-B,/Users/vklepacc/galapagos/raw_data/GI2019_C12-B_AGTATGCAG_S10_L001_R2_001.fastq.gz,reverse
C12-C,/Users/vklepacc/galapagos/raw_data/GI2019_C12-C_GATGCCTTA_S11_L001_R2_001.fastq.gz,reverse
C2-A,/Users/vklepacc/galapagos/raw_data/GI2019_C2-A_CGACCTTAT_S12_L001_R2_001.fastq.gz,reverse
C2-B,/Users/vklepacc/galapagos/raw_data/GI2019_C2-B_AGTGCCACT_S13_L001_R2_001.fastq.gz,reverse
C2-C,/Users/vklepacc/galapagos/raw_data/GI2019_C2-C_CACTTCTGG_S14_L001_R2_001.fastq.gz,reverse
C3-A,/Users/vklepacc/galapagos/raw_data/GI2019_C3-A_CGCTAGTAG_S15_L001_R2_001.fastq.gz,reverse
C3-B,/Users/vklepacc/galapagos/raw_data/GI2019_C3-B_GGAACGCTA_S16_L001_R2_001.fastq.gz,reverse
C3-C,/Users/vklepacc/galapagos/raw_data/GI2019_C3-C_ATGACTCAC_S17_L001_R2_001.fastq.gz,reverse
C4-A,/Users/vklepacc/galapagos/raw_data/GI2019_C4-A_GTAGGACCA_S18_L001_R2_001.fastq.gz,reverse
C4-B,/Users/vklepacc/galapagos/raw_data/GI2019_C4-B_GTACGCGTA_S19_L001_R2_001.fastq.gz,reverse
C4-C,/Users/vklepacc/galapagos/raw_data/GI2019_C4-C_AGATGGCTC_S20_L001_R2_001.fastq.gz,reverse
C5-A,/Users/vklepacc/galapagos/raw_data/GI2019_C5-A_ATACGGACG_S21_L001_R2_001.fastq.gz,reverse
C5-B,/Users/vklepacc/galapagos/raw_data/GI2019_C5-B_GAACGTATC_S22_L001_R2_001.fastq.gz,reverse
C5-C,/Users/vklepacc/galapagos/raw_data/GI2019_C5-C_AACCAGCTG_S23_L001_R2_001.fastq.gz,reverse
C6-B,/Users/vklepacc/galapagos/raw_data/GI2019_C6-B_GGCGCTTAA_S24_L001_R2_001.fastq.gz,reverse
C6-C,/Users/vklepacc/galapagos/raw_data/GI2019_C6-C_CTTCGCAGG_S25_L001_R2_001.fastq.gz,reverse
C7-A,/Users/vklepacc/galapagos/raw_data/GI2019_C7-A_CGGCTACAA_S26_L001_R2_001.fastq.gz,reverse
C7-B,/Users/vklepacc/galapagos/raw_data/GI2019_C7-B_CTCTACAGA_S27_L001_R2_001.fastq.gz,reverse
C7-C,/Users/vklepacc/galapagos/raw_data/GI2019_C7-C_GCTTAATAG_S28_L001_R2_001.fastq.gz,reverse
C8-A,/Users/vklepacc/galapagos/raw_data/GI2019_C8-A_ACCTCAGAG_S29_L001_R2_001.fastq.gz,reverse
C8-B,/Users/vklepacc/galapagos/raw_data/GI2019_C8-B_CGAATCCTG_S30_L001_R2_001.fastq.gz,reverse
C8-C,/Users/vklepacc/galapagos/raw_data/GI2019_C8-C_TAGCAGTGA_S31_L001_R2_001.fastq.gz,reverse
C9-A,/Users/vklepacc/galapagos/raw_data/GI2019_C9-A_GTGACATGT_S32_L001_R2_001.fastq.gz,reverse
C9-B,/Users/vklepacc/galapagos/raw_data/GI2019_C9-B_CGGCAGAAT_S33_L001_R2_001.fastq.gz,reverse
C9-C,/Users/vklepacc/galapagos/raw_data/GI2019_C9-C_CAGCGTGTA_S34_L001_R2_001.fastq.gz,reverse
J1-A,/Users/vklepacc/galapagos/raw_data/GI2019_J1-A_GCGAATACT_S35_L001_R2_001.fastq.gz,reverse
J1-B,/Users/vklepacc/galapagos/raw_data/GI2019_J1-B_TCGCACAAG_S1_L001_R2_001.fastq.gz,reverse
J1-C,/Users/vklepacc/galapagos/raw_data/GI2019_J1-C_ACCATCGTG_S2_L001_R2_001.fastq.gz,reverse
J10-A,/Users/vklepacc/galapagos/raw_data/GI2019_J10-A_GGCGCTTAA_S3_L001_R2_001.fastq.gz,reverse
J10-B,/Users/vklepacc/galapagos/raw_data/GI2019_J10-B_CTTCGCAGG_S4_L001_R2_001.fastq.gz,reverse
J10-C,/Users/vklepacc/galapagos/raw_data/GI2019_J10-C_CGGCTACAA_S5_L001_R2_001.fastq.gz,reverse
J11-A,/Users/vklepacc/galapagos/raw_data/GI2019_J11-A_CTCTACAGA_S6_L001_R2_001.fastq.gz,reverse
J11-B,/Users/vklepacc/galapagos/raw_data/GI2019_J11-B_GCTTAATAG_S7_L001_R2_001.fastq.gz,reverse
J11-C,/Users/vklepacc/galapagos/raw_data/GI2019_J11-C_ACCTCAGAG_S8_L001_R2_001.fastq.gz,reverse
J12-A,/Users/vklepacc/galapagos/raw_data/GI2019_J12-A_CGAATCCTG_S9_L001_R2_001.fastq.gz,reverse
J12-B,/Users/vklepacc/galapagos/raw_data/GI2019_J12-B_TAGCAGTGA_S10_L001_R2_001.fastq.gz,reverse
J12-C,/Users/vklepacc/galapagos/raw_data/GI2019_J12-C_GTGACATGT_S11_L001_R2_001.fastq.gz,reverse
J13-A,/Users/vklepacc/galapagos/raw_data/GI2019_J13-A_CGGCAGAAT_S12_L001_R2_001.fastq.gz,reverse
J13-B,/Users/vklepacc/galapagos/raw_data/GI2019_J13-B_CAGCGTGTA_S13_L001_R2_001.fastq.gz,reverse
J13-C,/Users/vklepacc/galapagos/raw_data/GI2019_J13-C_GTGTATGCA_S14_L001_R2_001.fastq.gz,reverse
J14-A,/Users/vklepacc/galapagos/raw_data/GI2019_J14-A_ACATTGCGT_S15_L001_R2_001.fastq.gz,reverse
J14-B,/Users/vklepacc/galapagos/raw_data/GI2019_J14-B_TCTTCGAGC_S16_L001_R2_001.fastq.gz,reverse
J14-C,/Users/vklepacc/galapagos/raw_data/GI2019_J14-C_GCAACGTCT_S17_L001_R2_001.fastq.gz,reverse
J15-A,/Users/vklepacc/galapagos/raw_data/GI2019_J15-A_GCAGCTCTA_S18_L001_R2_001.fastq.gz,reverse
J15-B,/Users/vklepacc/galapagos/raw_data/GI2019_J15-B_GAGGTTACC_S19_L001_R2_001.fastq.gz,reverse
J15-C,/Users/vklepacc/galapagos/raw_data/GI2019_J15-C_CATGAAGTC_S20_L001_R2_001.fastq.gz,reverse
J16-A,/Users/vklepacc/galapagos/raw_data/GI2019_J16-A_AGTATGCAG_S21_L001_R2_001.fastq.gz,reverse
J16-B,/Users/vklepacc/galapagos/raw_data/GI2019_J16-B_GATGCCTTA_S22_L001_R2_001.fastq.gz,reverse
J16-C,/Users/vklepacc/galapagos/raw_data/GI2019_J16-C_GCGAATACT_S23_L001_R2_001.fastq.gz,reverse
J17-A,/Users/vklepacc/galapagos/raw_data/GI2019_J17-A_ATCTGCGAA_S24_L001_R2_001.fastq.gz,reverse
J17-B,/Users/vklepacc/galapagos/raw_data/GI2019_J17-B_AACAGGTGC_S25_L001_R2_001.fastq.gz,reverse
J17-C,/Users/vklepacc/galapagos/raw_data/GI2019_J17-C_TACCATGAG_S26_L001_R2_001.fastq.gz,reverse
J18-A,/Users/vklepacc/galapagos/raw_data/GI2019_J18-A_CCAACTAGT_S27_L001_R2_001.fastq.gz,reverse
J18-B,/Users/vklepacc/galapagos/raw_data/GI2019_J18-B_ATAGTCCGC_S28_L001_R2_001.fastq.gz,reverse
J18-C,/Users/vklepacc/galapagos/raw_data/GI2019_J18-C_TTAAGCGAT_S29_L001_R2_001.fastq.gz,reverse
J19-A,/Users/vklepacc/galapagos/raw_data/GI2019_J19-A_ACGTCCTGA_S30_L001_R2_001.fastq.gz,reverse
J19-B,/Users/vklepacc/galapagos/raw_data/GI2019_J19-B_CAGTAATGC_S31_L001_R2_001.fastq.gz,reverse
J19-C,/Users/vklepacc/galapagos/raw_data/GI2019_J19-C_TTCCATAGC_S32_L001_R2_001.fastq.gz,reverse
J2-A,/Users/vklepacc/galapagos/raw_data/GI2019_J2-A_AAGGCACGT_S33_L001_R2_001.fastq.gz,reverse
J2-B,/Users/vklepacc/galapagos/raw_data/GI2019_J2-B_GCTAGTTCA_S34_L001_R2_001.fastq.gz,reverse
J2-C,/Users/vklepacc/galapagos/raw_data/GI2019_J2-C_CGCTGAATA_S35_L001_R2_001.fastq.gz,reverse
J20-A,/Users/vklepacc/galapagos/raw_data/GI2019_J20-A_TGCACAATC_S36_L001_R2_001.fastq.gz,reverse
J20-B,/Users/vklepacc/galapagos/raw_data/GI2019_J20-B_CATGAGGCT_S37_L001_R2_001.fastq.gz,reverse
J20-C,/Users/vklepacc/galapagos/raw_data/GI2019_J20-C_ACAGGAGTT_S38_L001_R2_001.fastq.gz,reverse
J21-A,/Users/vklepacc/galapagos/raw_data/GI2019_J21-A_AGCCTTCTA_S39_L001_R2_001.fastq.gz,reverse
J21-B,/Users/vklepacc/galapagos/raw_data/GI2019_J21-B_TGACTAGTC_S40_L001_R2_001.fastq.gz,reverse
J21-C,/Users/vklepacc/galapagos/raw_data/GI2019_J21-C_CGAGTATCC_S41_L001_R2_001.fastq.gz,reverse
J22-A,/Users/vklepacc/galapagos/raw_data/GI2019_J22-A_CAATGTCGG_S42_L001_R2_001.fastq.gz,reverse
J22-B,/Users/vklepacc/galapagos/raw_data/GI2019_J22-B_GCGTCACGA_S43_L001_R2_001.fastq.gz,reverse
J22-C,/Users/vklepacc/galapagos/raw_data/GI2019_J22-C_TTATAGGCC_S44_L001_R2_001.fastq.gz,reverse
J23-A,/Users/vklepacc/galapagos/raw_data/GI2019_J23-A_GAGTGCTAC_S45_L001_R2_001.fastq.gz,reverse
J23-B,/Users/vklepacc/galapagos/raw_data/GI2019_J23-B_ACGTCTTAG_S46_L001_R2_001.fastq.gz,reverse
J23-C,/Users/vklepacc/galapagos/raw_data/GI2019_J23-C_TTGTGCACG_S47_L001_R2_001.fastq.gz,reverse
J24-A,/Users/vklepacc/galapagos/raw_data/GI2019_J24-A_GGCGTTACA_S48_L001_R2_001.fastq.gz,reverse
J24-B,/Users/vklepacc/galapagos/raw_data/GI2019_J24-B_GTCTCGCAT_S49_L001_R2_001.fastq.gz,reverse
J24-C,/Users/vklepacc/galapagos/raw_data/GI2019_J24-C_TCTTGACGG_S50_L001_R2_001.fastq.gz,reverse
J3-A,/Users/vklepacc/galapagos/raw_data/GI2019_J3-A_CACCGATTA_S51_L001_R2_001.fastq.gz,reverse
J3-B,/Users/vklepacc/galapagos/raw_data/GI2019_J3-B_CATGGACGC_S52_L001_R2_001.fastq.gz,reverse
J3-C,/Users/vklepacc/galapagos/raw_data/GI2019_J3-C_CATCTTACG_S53_L001_R2_001.fastq.gz,reverse
J4-A,/Users/vklepacc/galapagos/raw_data/GI2019_J4-A_CTGTAACAG_S54_L001_R2_001.fastq.gz,reverse
J4-B,/Users/vklepacc/galapagos/raw_data/GI2019_J4-B_GATGATCGT_S55_L001_R2_001.fastq.gz,reverse
J4-C,/Users/vklepacc/galapagos/raw_data/GI2019_J4-C_AGCCGTTAC_S56_L001_R2_001.fastq.gz,reverse
J5-A,/Users/vklepacc/galapagos/raw_data/GI2019_J5-A_TAAGCATGG_S57_L001_R2_001.fastq.gz,reverse
J5-B,/Users/vklepacc/galapagos/raw_data/GI2019_J5-B_TGTGCGTAC_S58_L001_R2_001.fastq.gz,reverse
J5-C,/Users/vklepacc/galapagos/raw_data/GI2019_J5-C_TGGCTCTAA_S59_L001_R2_001.fastq.gz,reverse
J6-A,/Users/vklepacc/galapagos/raw_data/GI2019_J6-A_CGACCTTAT_S60_L001_R2_001.fastq.gz,reverse
J6-B,/Users/vklepacc/galapagos/raw_data/GI2019_J6-B_AGTGCCACT_S61_L001_R2_001.fastq.gz,reverse
J6-C,/Users/vklepacc/galapagos/raw_data/GI2019_J6-C_CACTTCTGG_S62_L001_R2_001.fastq.gz,reverse
J7-A,/Users/vklepacc/galapagos/raw_data/GI2019_J7-A_CGCTAGTAG_S63_L001_R2_001.fastq.gz,reverse
J7-B,/Users/vklepacc/galapagos/raw_data/GI2019_J7-B_GGAACGCTA_S64_L001_R2_001.fastq.gz,reverse
J7-C,/Users/vklepacc/galapagos/raw_data/GI2019_J7-C_ATGACTCAC_S65_L001_R2_001.fastq.gz,reverse
J8-A,/Users/vklepacc/galapagos/raw_data/GI2019_J8-A_GTAGGACCA_S66_L001_R2_001.fastq.gz,reverse
J8-B,/Users/vklepacc/galapagos/raw_data/GI2019_J8-B_GTACGCGTA_S67_L001_R2_001.fastq.gz,reverse
J8-C,/Users/vklepacc/galapagos/raw_data/GI2019_J8-C_AGATGGCTC_S68_L001_R2_001.fastq.gz,reverse
J9-A,/Users/vklepacc/galapagos/raw_data/GI2019_J9-A_ATACGGACG_S69_L001_R2_001.fastq.gz,reverse
J9-B,/Users/vklepacc/galapagos/raw_data/GI2019_J9-B_GAACGTATC_S70_L001_R2_001.fastq.gz,reverse
J9-C,/Users/vklepacc/galapagos/raw_data/GI2019_J9-C_AACCAGCTG_S71_L001_R2_001.fastq.gz,reverse
M1-A,/Users/vklepacc/galapagos/raw_data/GI2019_M1-A_CGTCGGTAA_S36_L001_R2_001.fastq.gz,reverse
M1-B,/Users/vklepacc/galapagos/raw_data/GI2019_M1-B_GTGTCCAAT_S37_L001_R2_001.fastq.gz,reverse
M1-C,/Users/vklepacc/galapagos/raw_data/GI2019_M1-C_TCCATGCGA_S38_L001_R2_001.fastq.gz,reverse
M10-A,/Users/vklepacc/galapagos/raw_data/GI2019_M10-A_GCTAGTTCA_S39_L001_R2_001.fastq.gz,reverse
M10-B,/Users/vklepacc/galapagos/raw_data/GI2019_M10-B_CGCTGAATA_S40_L001_R2_001.fastq.gz,reverse
M10-C,/Users/vklepacc/galapagos/raw_data/GI2019_M10-C_CACCGATTA_S41_L001_R2_001.fastq.gz,reverse
M11-A,/Users/vklepacc/galapagos/raw_data/GI2019_M11-A_CATGGACGC_S42_L001_R2_001.fastq.gz,reverse
M11-B,/Users/vklepacc/galapagos/raw_data/GI2019_M11-B_CATCTTACG_S43_L001_R2_001.fastq.gz,reverse
M11-C,/Users/vklepacc/galapagos/raw_data/GI2019_M11-C_CTGTAACAG_S44_L001_R2_001.fastq.gz,reverse
M12-A,/Users/vklepacc/galapagos/raw_data/GI2019_M12-A_GATGATCGT_S45_L001_R2_001.fastq.gz,reverse
M12-B,/Users/vklepacc/galapagos/raw_data/GI2019_M12-B_AGCCGTTAC_S46_L001_R2_001.fastq.gz,reverse
M12-C,/Users/vklepacc/galapagos/raw_data/GI2019_M12-C_TAAGCATGG_S47_L001_R2_001.fastq.gz,reverse
M2-A,/Users/vklepacc/galapagos/raw_data/GI2019_M2-A_AGGTTCGCT_S48_L001_R2_001.fastq.gz,reverse
M2-B,/Users/vklepacc/galapagos/raw_data/GI2019_M2-B_GTCGAAGCT_S49_L001_R2_001.fastq.gz,reverse
M2-C,/Users/vklepacc/galapagos/raw_data/GI2019_M2-C_ACGGCTGAC_S50_L001_R2_001.fastq.gz,reverse
M3-A,/Users/vklepacc/galapagos/raw_data/GI2019_M3-A_CTATCTGGA_S51_L001_R2_001.fastq.gz,reverse
M3-B,/Users/vklepacc/galapagos/raw_data/GI2019_M3-B_TGGACTCTC_S52_L001_R2_001.fastq.gz,reverse
M3-C,/Users/vklepacc/galapagos/raw_data/GI2019_M3-C_ATTGTGAGC_S53_L001_R2_001.fastq.gz,reverse
M4-A,/Users/vklepacc/galapagos/raw_data/GI2019_M4-A_TGTCGTCAA_S54_L001_R2_001.fastq.gz,reverse
M4-B,/Users/vklepacc/galapagos/raw_data/GI2019_M4-B_CGTTCTAAG_S55_L001_R2_001.fastq.gz,reverse
M4-C,/Users/vklepacc/galapagos/raw_data/GI2019_M4-C_TGTGAACCG_S56_L001_R2_001.fastq.gz,reverse
M5-A,/Users/vklepacc/galapagos/raw_data/GI2019_M5-A_GGCCTATCG_S57_L001_R2_001.fastq.gz,reverse
M5-B,/Users/vklepacc/galapagos/raw_data/GI2019_M5-B_GGATATAGC_S58_L001_R2_001.fastq.gz,reverse
M5-C,/Users/vklepacc/galapagos/raw_data/GI2019_M5-C_GCTGAAGAC_S59_L001_R2_001.fastq.gz,reverse
M6-A,/Users/vklepacc/galapagos/raw_data/GI2019_M6-A_CGGTGTCTA_S60_L001_R2_001.fastq.gz,reverse
M6-B,/Users/vklepacc/galapagos/raw_data/GI2019_M6-B_GTCAGCTGA_S61_L001_R2_001.fastq.gz,reverse
M6-C,/Users/vklepacc/galapagos/raw_data/GI2019_M6-C_GCCGACTTA_S62_L001_R2_001.fastq.gz,reverse
M7-A,/Users/vklepacc/galapagos/raw_data/GI2019_M7-A_CTAAGGAGC_S63_L001_R2_001.fastq.gz,reverse
M7-B,/Users/vklepacc/galapagos/raw_data/GI2019_M7-B_TCAGGCCAT_S64_L001_R2_001.fastq.gz,reverse
M7-C,/Users/vklepacc/galapagos/raw_data/GI2019_M7-C_TACTTGCAA_S65_L001_R2_001.fastq.gz,reverse
M8-A,/Users/vklepacc/galapagos/raw_data/GI2019_M8-A_CTTACTAGG_S66_L001_R2_001.fastq.gz,reverse
M8-B,/Users/vklepacc/galapagos/raw_data/GI2019_M8-B_TGATCCTAG_S67_L001_R2_001.fastq.gz,reverse
M8-C,/Users/vklepacc/galapagos/raw_data/GI2019_M8-C_ACGTTCATA_S68_L001_R2_001.fastq.gz,reverse
M9-A,/Users/vklepacc/galapagos/raw_data/GI2019_M9-A_TCGCACAAG_S69_L001_R2_001.fastq.gz,reverse
M9-B,/Users/vklepacc/galapagos/raw_data/GI2019_M9-B_ACCATCGTG_S70_L001_R2_001.fastq.gz,reverse
M9-C,/Users/vklepacc/galapagos/raw_data/GI2019_M9-C_AAGGCACGT_S71_L001_R2_001.fastq.gz,reverse